Date,CDI,GGBR,IBOV
2014-05-02,0.04071,14.050000,49696.000000
2014-05-05,0.04071,13.990000,49427.000000
2014-05-06,0.04071,14.080000,49703.000000
2014-05-07,0.04071,14.420000,50105.000000
2014-05-08,0.04071,14.380000,49696.000000
2014-05-09,0.04071,14.320000,49182.000000
2014-05-12,0.04071,14.640000,48708.000000
2014-05-13,0.04071,14.460000,48542.000000
2014-05-14,0.04071,14.210000,49300.000000
2014-05-15,0.04071,14.380000,48321.000000
2014-05-16,0.04071,14.300000,47787.000000
2014-05-19,0.04071,13.990000,47701.000000
2014-05-20,0.04071,13.760000,47841.000000
2014-05-21,0.04071,13.590000,47557.000000
2014-05-22,0.04071,13.700000,47244.000000
2014-05-23,0.04071,13.500000,47639.000000
2014-05-26,0.04071,13.680000,46148.000000
2014-05-27,0.04071,13.860000,46964.000000
2014-05-28,0.04071,13.850000,46624.000000
2014-05-29,0.04071,13.720000,47738.000000
2014-05-30,0.04071,13.330000,48074.000000
2014-06-02,0.04071,13.460000,47711.000000
2014-06-03,0.04071,13.880000,48463.000000
2014-06-04,0.04071,13.730000,48217.000000
2014-06-05,0.04071,13.590000,47813.000000
2014-06-06,0.04085,13.710000,48201.000000
2014-06-09,0.04071,13.890000,47576.000000
2014-06-10,0.04071,13.960000,46600.000000
2014-06-11,0.04071,13.800000,47151.000000
2014-06-13,0.04071,13.560000,47289.000000
2014-06-16,0.04071,13.480000,47380.000000
2014-06-17,0.04071,13.630000,47394.000000
2014-06-18,0.04071,13.900000,46716.000000
2014-06-20,0.04071,13.760000,46599.000000
2014-06-23,0.04071,13.800000,47607.000000
2014-06-24,0.04071,13.950000,47094.000000
2014-06-25,0.04071,13.650000,46589.000000
2014-06-26,0.04071,13.390000,47093.000000
2014-06-27,0.04071,13.010000,46244.000000
2014-06-30,0.04071,12.940000,45533.000000
2014-07-01,0.04071,12.930000,45698.000000
2014-07-02,0.04071,13.280000,45862.000000
2014-07-03,0.04071,13.680000,45444.000000
2014-07-04,0.04071,13.750000,44966.000000
2014-07-07,0.04071,13.900000,45118.000000
2014-07-08,0.04071,13.830000,46151.000000
2014-07-10,0.04071,13.710000,46567.000000
2014-07-11,0.04071,13.750000,47279.000000
2014-07-14,0.04071,14.000000,47381.000000
2014-07-15,0.04071,14.180000,47993.000000
2014-07-16,0.04071,14.070000,48180.000000
2014-07-17,0.04071,13.630000,47966.000000
2014-07-18,0.04071,13.370000,49647.000000
2014-07-21,0.04071,13.290000,49768.000000
2014-07-22,0.04071,13.170000,50415.000000
2014-07-23,0.04071,13.270000,50270.000000
2014-07-24,0.04071,13.670000,51701.000000
2014-07-25,0.04071,13.690000,51408.000000
2014-07-28,0.04071,13.710000,51082.000000
2014-07-29,0.04071,13.720000,52155.000000
2014-07-30,0.04071,13.370000,51629.000000
2014-07-31,0.04071,13.350000,51185.000000
2014-08-01,0.04071,13.130000,51128.000000
2014-08-04,0.04071,13.300000,51867.000000
2014-08-05,0.04074,13.200000,51597.000000
2014-08-06,0.04074,13.330000,50454.000000
2014-08-07,0.04074,13.230000,51201.000000
2014-08-08,0.04074,13.350000,52111.000000
2014-08-11,0.04074,13.160000,51977.000000
2014-08-12,0.04074,13.000000,51570.000000
2014-08-13,0.04074,12.650000,51817.000000
2014-08-14,0.04074,12.540000,51399.000000
2014-08-15,0.04074,12.500000,51384.000000
2014-08-18,0.04078,12.500000,51839.000000
2014-08-19,0.04074,12.750000,51627.000000
2014-08-20,0.04074,12.800000,52980.000000
2014-08-21,0.04085,12.880000,53446.000000
2014-08-22,0.04078,12.950000,53780.000000
2014-08-25,0.04074,13.170000,54053.000000
2014-08-26,0.04085,13.410000,53422.000000
2014-08-27,0.04085,13.500000,53100.000000
2014-08-28,0.04074,12.960000,54053.000000
2014-08-29,0.04085,12.990000,53907.000000
2014-09-01,0.04074,12.680000,54413.000000
2014-09-02,0.04074,13.100000,53856.000000
2014-09-03,0.04074,13.420000,53976.000000
2014-09-04,0.04074,13.600000,53353.000000
2014-09-05,0.04074,13.400000,52366.000000
2014-09-08,0.04074,13.040000,52203.000000
2014-09-09,0.04074,12.730000,52806.000000
2014-09-10,0.04074,12.380000,52626.000000
2014-09-11,0.04085,12.260000,52933.000000
2014-09-12,0.04074,12.360000,52174.000000
2014-09-15,0.04074,12.410000,52640.000000
2014-09-16,0.04074,12.360000,52239.000000
2014-09-17,0.04074,12.500000,51239.000000
2014-09-18,0.04074,12.560000,51606.000000
2014-09-19,0.04074,12.670000,52032.000000
2014-09-22,0.04074,12.270000,51833.000000
2014-09-23,0.04074,12.260000,51559.000000
2014-09-24,0.04085,12.310000,53129.000000
2014-09-25,0.04085,12.330000,54273.000000
2014-09-26,0.04085,12.150000,54604.000000
2014-09-29,0.04074,11.910000,55102.000000
2014-09-30,0.04074,11.780000,54807.000000
2014-10-01,0.04074,11.710000,54630.000000
2014-10-02,0.04074,11.960000,54300.000000
2014-10-03,0.04074,11.970000,55202.000000
2014-10-06,0.04074,11.990000,54638.000000
2014-10-07,0.04074,11.810000,54210.000000
2014-10-08,0.04085,11.840000,54281.000000
2014-10-09,0.04085,11.500000,53426.000000
2014-10-10,0.04085,10.920000,53507.000000
2014-10-13,0.04085,11.220000,53157.000000
2014-10-14,0.04074,11.470000,53168.000000
2014-10-15,0.04085,11.340000,53172.000000
2014-10-16,0.04074,11.120000,53029.000000
2014-10-17,0.04085,11.130000,53875.000000
2014-10-20,0.04085,11.000000,54056.000000
2014-10-21,0.04085,11.000000,53802.000000
2014-10-22,0.04085,10.930000,53634.000000
2014-10-23,0.04085,11.450000,54593.000000
2014-10-24,0.04085,11.630000,54786.000000
2014-10-27,0.04085,11.220000,55744.000000
2014-10-28,0.04085,11.170000,55974.000000
2014-10-29,0.04085,10.950000,55717.000000
2014-10-30,0.04085,10.650000,55638.000000
2014-10-31,0.04174,11.090000,57013.000000
2014-11-03,0.04164,11.100000,57634.000000
2014-11-04,0.04164,11.450000,57983.000000
2014-11-05,0.04164,11.380000,57420.000000
2014-11-06,0.04174,11.290000,57978.000000
2014-11-07,0.04174,11.590000,57821.000000
2014-11-10,0.04174,11.340000,57696.000000
2014-11-11,0.04174,11.090000,57119.000000
2014-11-12,0.04174,11.110000,56878.000000
2014-11-13,0.04174,10.800000,55829.000000
2014-11-14,0.04174,10.990000,55903.000000
2014-11-17,0.04174,10.590000,56616.000000
2014-11-18,0.04174,10.370000,56202.000000
2014-11-19,0.04174,10.400000,56487.000000
2014-11-21,0.04174,10.820000,56188.000000
2014-11-24,0.04174,10.990000,55573.000000
2014-11-25,0.04174,11.000000,56613.000000
2014-11-26,0.04174,10.500000,56442.000000
2014-11-27,0.04174,10.600000,55581.000000
2014-11-28,0.04174,10.900000,55780.000000
2014-12-01,0.04174,10.240000,56964.000000
2014-12-02,0.04164,10.140000,57561.000000
2014-12-03,0.04164,10.240000,58449.000000
2014-12-04,0.04164,10.080000,58878.000000
2014-12-05,0.04174,10.190000,58992.000000
2014-12-08,0.04353,9.860000,58407.000000
2014-12-09,0.04353,9.330000,59735.000000
2014-12-10,0.04353,9.160000,59821.000000
2014-12-11,0.04346,8.950000,60951.000000
2014-12-12,0.04346,8.310000,60291.000000
2014-12-15,0.04353,8.110000,61288.000000
2014-12-16,0.04353,8.630000,61141.000000
2014-12-17,0.04353,8.970000,61896.000000
2014-12-18,0.04353,9.170000,61837.000000
2014-12-19,0.04353,9.700000,60800.000000
2014-12-22,0.04353,9.370000,60682.000000
2014-12-23,0.04353,9.770000,59193.000000
2014-12-26,0.04353,9.360000,58676.000000
2014-12-29,0.04346,9.590000,58199.000000
2014-12-30,0.04346,9.580000,58337.000000
2015-01-02,0.04346,9.170000,56928.000000
2015-01-05,0.04353,8.750000,57949.000000
2015-01-06,0.04346,9.670000,59115.000000
2015-01-07,0.04346,10.380000,59108.000000
2015-01-08,0.04346,10.140000,58375.000000
2015-01-09,0.04346,9.680000,57789.000000
2015-01-12,0.04346,9.450000,56818.000000
2015-01-13,0.04346,9.180000,56541.000000
2015-01-14,0.04346,8.830000,56824.000000
2015-01-15,0.04346,8.980000,55962.000000
2015-01-16,0.04346,9.420000,57212.000000
2015-01-19,0.04346,9.010000,54625.000000
2015-01-20,0.04346,9.190000,54116.000000
2015-01-21,0.04346,9.140000,52858.000000
2015-01-22,0.04346,9.100000,53519.000000
2015-01-23,0.04346,8.930000,54540.000000
2015-01-26,0.04346,8.940000,57116.000000
2015-01-27,0.04346,8.790000,57436.000000
2015-01-28,0.0453,8.720000,57059.000000
2015-01-29,0.04527,8.940000,57268.000000
2015-01-30,0.04527,9.270000,55311.000000
2015-02-02,0.04527,9.480000,57956.000000
2015-02-03,0.04527,9.660000,58015.000000
2015-02-04,0.04527,9.560000,56135.000000
2015-02-05,0.04527,9.660000,54298.000000
2015-02-06,0.04527,9.770000,55724.000000
2015-02-09,0.0453,10.340000,54303.000000
2015-02-10,0.0453,9.750000,52432.000000
2015-02-11,0.0453,10.130000,52411.000000
2015-02-12,0.0453,9.840000,50713.000000
2015-02-13,0.0453,10.140000,51941.000000
2015-02-18,0.0453,10.280000,50504.000000
2015-02-19,0.0453,10.110000,52330.000000
2015-02-20,0.0453,10.180000,51049.000000
2015-02-23,0.0453,10.000000,52337.000000
2015-02-24,0.0453,10.090000,54629.000000
2015-02-25,0.0453,10.210000,53947.000000
2015-02-26,0.0453,10.190000,54384.000000
2015-02-27,0.0453,10.140000,53698.000000
2015-03-02,0.0453,9.800000,52637.000000
2015-03-03,0.0453,10.010000,53223.000000
2015-03-04,0.0453,10.460000,52725.000000
2015-03-05,0.0453,10.580000,52474.000000
2015-03-06,0.0453,10.730000,52979.000000
2015-03-09,0.0453,11.000000,51846.000000
2015-03-10,0.0453,10.900000,51772.000000
2015-03-11,0.0471,10.890000,51257.000000
2015-03-12,0.0471,10.840000,52062.000000
2015-03-13,0.0471,10.840000,53402.000000
2015-03-16,0.0471,10.750000,56084.000000
2015-03-17,0.0471,11.090000,55407.000000
2015-03-18,0.0471,11.400000,55561.000000
2015-03-19,0.0471,11.160000,55098.000000
2015-03-20,0.0471,11.040000,54721.000000
2015-03-23,0.0471,11.100000,54664.000000
2015-03-24,0.0471,10.910000,52277.000000
2015-03-25,0.0471,11.120000,51612.000000
2015-03-26,0.0471,10.820000,52320.000000
2015-03-27,0.04714,9.960000,51427.000000
2015-03-30,0.04714,10.340000,51992.000000
2015-03-31,0.04714,10.100000,50274.000000
2015-04-01,0.04714,10.200000,50193.000000
2015-04-02,0.04714,10.040000,49548.000000
2015-04-06,0.0471,10.000000,49861.000000
2015-04-07,0.0471,9.890000,48002.000000
2015-04-08,0.0471,9.660000,47019.000000
2015-04-09,0.0471,9.700000,47008.000000
2015-04-10,0.0471,9.590000,48714.000000
2015-04-13,0.0471,9.700000,48496.000000
2015-04-14,0.0471,9.760000,49651.000000
2015-04-15,0.0471,10.000000,50121.000000
2015-04-16,0.0471,9.650000,50890.000000
2015-04-17,0.0471,9.240000,50145.000000
2015-04-20,0.0471,9.400000,50594.000000
2015-04-22,0.0471,9.750000,50007.000000
2015-04-23,0.0471,10.240000,48512.000000
2015-04-24,0.0471,10.500000,47517.000000
2015-04-27,0.0471,10.150000,48001.000000
2015-04-28,0.0471,10.110000,49463.000000
2015-04-29,0.0471,9.920000,49943.000000
2015-04-30,0.0471,10.020000,48840.000000
2015-05-04,0.04714,10.370000,48140.000000
2015-05-05,0.04717,10.630000,48042.000000
2015-05-06,0.04717,10.230000,47646.000000
2015-05-07,0.0489,10.030000,48026.000000
2015-05-08,0.0489,10.350000,49017.000000
2015-05-11,0.04897,10.450000,47758.000000
2015-05-12,0.04897,10.120000,47877.000000
2015-05-13,0.04897,9.920000,49224.000000
2015-05-14,0.04897,10.000000,49443.000000
2015-05-15,0.04897,10.000000,48775.000000
2015-05-18,0.04897,9.760000,48577.000000
2015-05-19,0.04897,9.460000,48591.000000
2015-05-20,0.04897,9.390000,47695.000000
2015-05-21,0.04897,9.480000,47762.000000
2015-05-22,0.04897,9.190000,46908.000000
2015-05-25,0.04897,9.200000,47651.000000
2015-05-26,0.04897,8.990000,48964.000000
2015-05-27,0.04897,9.070000,49301.000000
2015-05-28,0.04897,8.900000,49234.000000
2015-05-29,0.04897,8.610000,48792.000000
2015-06-01,0.04897,8.910000,49383.000000
2015-06-02,0.04897,9.040000,48510.000000
2015-06-03,0.04897,8.890000,48240.000000
2015-06-05,0.04897,8.660000,49533.000000
2015-06-08,0.04897,8.570000,50636.000000
2015-06-09,0.04897,8.610000,51280.000000
2015-06-10,0.04897,8.480000,51294.000000
2015-06-11,0.05075,8.700000,51238.000000
2015-06-12,0.05075,8.570000,51281.000000
2015-06-15,0.05075,8.470000,51874.000000
2015-06-16,0.05075,8.210000,51811.000000
2015-06-17,0.05075,7.930000,51761.000000
2015-06-18,0.05075,8.070000,51583.000000
2015-06-19,0.05075,8.150000,51021.000000
2015-06-22,0.05075,8.010000,51304.000000
2015-06-23,0.05075,7.890000,50468.000000
2015-06-24,0.05075,7.590000,50365.000000
2015-06-25,0.05075,7.540000,49981.000000
2015-06-26,0.05075,7.700000,49181.000000
2015-06-29,0.05075,7.790000,48293.000000
2015-06-30,0.05075,7.490000,48906.000000
2015-07-01,0.05075,7.200000,48880.000000
2015-07-02,0.05075,6.890000,48596.000000
2015-07-03,0.05075,6.660000,48848.000000
2015-07-06,0.05075,6.850000,50285.000000
2015-07-07,0.05075,7.040000,51526.000000
2015-07-08,0.05075,6.840000,50954.000000
2015-07-10,0.05075,6.740000,51967.000000
2015-07-13,0.05075,7.040000,51908.000000
2015-07-14,0.05075,6.510000,51506.000000
2015-07-15,0.05075,6.510000,51858.000000
2015-07-16,0.05075,6.520000,50580.000000
2015-07-17,0.05075,6.260000,50095.000000
2015-07-20,0.05075,6.090000,51243.000000
2015-07-21,0.05075,6.180000,51150.000000
2015-07-22,0.05075,5.850000,52322.000000
2015-07-23,0.05075,6.010000,53123.000000
2015-07-24,0.05075,5.840000,53737.000000
2015-07-27,0.05075,5.620000,53729.000000
2015-07-28,0.05075,5.980000,53661.000000
2015-07-29,0.05075,5.960000,53803.000000
2015-07-30,0.05075,5.800000,54214.000000
2015-07-31,0.05075,5.890000,54240.000000
2015-08-03,0.05075,5.890000,53982.000000
2015-08-04,0.05075,6.060000,54919.000000
2015-08-05,0.05075,6.240000,54674.000000
2015-08-06,0.05246,6.200000,53955.000000
2015-08-07,0.05246,6.010000,53761.000000
2015-08-10,0.05246,6.030000,54617.000000
2015-08-11,0.05246,5.970000,55685.000000
2015-08-12,0.05246,5.810000,56594.000000
2015-08-13,0.05246,5.680000,55535.000000
2015-08-14,0.05246,5.600000,55812.000000
2015-08-17,0.05246,5.730000,55325.000000
2015-08-18,0.05246,5.620000,56229.000000
2015-08-19,0.05246,5.420000,57354.000000
2015-08-20,0.05246,5.290000,58052.000000
2015-08-21,0.05246,5.160000,57103.000000
2015-08-24,0.05246,4.830000,56921.000000
2015-08-25,0.05246,4.530000,57149.000000
2015-08-26,0.05246,4.880000,57197.000000
2015-08-27,0.05246,5.460000,56792.000000
2015-08-28,0.05246,5.290000,56372.000000
2015-08-31,0.05246,5.250000,56657.000000
2015-09-01,0.05246,5.470000,57249.000000
2015-09-02,0.05246,6.020000,56204.000000
2015-09-03,0.05246,5.930000,55499.000000
2015-09-04,0.05246,6.070000,54901.000000
2015-09-08,0.05246,6.270000,55112.000000
2015-09-09,0.05246,6.240000,54377.000000
2015-09-10,0.05246,6.720000,54609.000000
2015-09-11,0.05246,6.680000,53630.000000
2015-09-14,0.05246,6.300000,54236.000000
2015-09-15,0.05246,6.380000,53976.000000
2015-09-16,0.05246,6.480000,52760.000000
2015-09-17,0.05246,6.470000,53031.000000
2015-09-18,0.05246,6.390000,54236.000000
2015-09-21,0.05246,6.220000,53523.000000
2015-09-22,0.05246,6.120000,52973.000000
2015-09-23,0.05246,5.900000,52810.000000
2015-09-24,0.05246,6.100000,52816.000000
2015-09-25,0.05246,6.110000,53876.000000
2015-09-28,0.05246,5.880000,53689.000000
2015-09-29,0.05246,5.680000,53348.000000
2015-09-30,0.05246,5.470000,53138.000000
2015-10-01,0.05246,5.450000,53702.000000
2015-10-02,0.05246,5.660000,53249.000000
2015-10-05,0.05246,5.960000,54239.000000
2015-10-06,0.05246,6.010000,53749.000000
2015-10-07,0.05246,6.430000,53864.000000
2015-10-08,0.05246,6.670000,53772.000000
2015-10-09,0.05246,6.710000,53843.000000
2015-10-13,0.05246,6.300000,53176.000000
2015-10-14,0.05246,6.310000,54017.000000
2015-10-15,0.05246,6.390000,53014.000000
2015-10-16,0.05246,6.200000,53081.000000
2015-10-19,0.05246,6.110000,52758.000000
2015-10-20,0.05246,6.070000,53106.000000
2015-10-21,0.05246,6.230000,52519.000000
2015-10-22,0.05246,6.010000,52149.000000
2015-10-23,0.05246,5.760000,52344.000000
2015-10-26,0.05246,5.710000,51782.000000
2015-10-27,0.05246,5.640000,52591.000000
2015-10-28,0.05246,5.640000,53119.000000
2015-10-29,0.0525,5.430000,53239.000000
2015-10-30,0.0525,5.430000,52902.000000
2015-11-03,0.0525,5.880000,53070.000000
2015-11-04,0.0525,5.680000,52342.000000
2015-11-05,0.0525,5.790000,51600.000000
2015-11-06,0.0525,5.660000,51474.000000
2015-11-09,0.0525,5.560000,50916.000000
2015-11-10,0.0525,5.550000,49807.000000
2015-11-11,0.0525,5.560000,49246.000000
2015-11-12,0.0525,5.230000,48736.000000
2015-11-13,0.0525,5.230000,49602.000000
2015-11-16,0.0525,5.040000,50245.000000
2015-11-17,0.0525,5.270000,49897.000000
2015-11-18,0.0525,5.350000,50865.000000
2015-11-19,0.0525,5.840000,50138.000000
2015-11-23,0.0525,5.750000,50058.000000
2015-11-24,0.0525,6.130000,50287.000000
2015-11-25,0.0525,6.250000,50011.000000
2015-11-26,0.0525,6.100000,48577.000000
2015-11-27,0.0525,6.030000,49353.000000
2015-11-30,0.0525,6.100000,49072.000000
2015-12-01,0.0525,5.920000,48388.000000
2015-12-02,0.0525,5.920000,48010.000000
2015-12-03,0.0525,6.020000,47508.000000
2015-12-04,0.0525,5.440000,47217.000000
2015-12-07,0.0525,5.300000,47451.000000
2015-12-08,0.0525,4.990000,46588.000000
2015-12-09,0.0525,4.940000,46649.000000
2015-12-10,0.0525,5.000000,45720.000000
2015-12-11,0.0525,4.890000,44336.000000
2015-12-14,0.0525,4.840000,44545.000000
2015-12-15,0.0525,4.900000,46038.000000
2015-12-16,0.0525,4.870000,47715.000000
2015-12-17,0.0525,4.850000,47154.000000
2015-12-18,0.0525,4.930000,46626.000000
2015-12-21,0.0525,4.650000,45477.000000
2015-12-22,0.0525,4.720000,46464.000000
2015-12-23,0.0525,4.830000,47366.000000
2015-12-28,0.0525,4.760000,46498.000000
2015-12-29,0.0525,4.640000,46762.000000
2015-12-30,0.0525,4.650000,46657.000000
2016-01-04,0.0525,4.540000,46504.000000
2016-01-05,0.0525,4.330000,46401.000000
2016-01-06,0.0525,3.980000,47282.000000
2016-01-07,0.0525,3.800000,47364.000000
2016-01-08,0.0525,3.930000,48553.000000
2016-01-11,0.0525,3.780000,48551.000000
2016-01-12,0.0525,3.670000,47264.000000
2016-01-13,0.0525,3.430000,46590.000000
2016-01-14,0.0525,3.530000,46265.000000
2016-01-15,0.0525,3.450000,45340.000000
2016-01-18,0.0525,3.520000,45292.000000
2016-01-19,0.0525,3.440000,44831.000000
2016-01-20,0.0525,3.400000,43957.000000
2016-01-21,0.0525,3.310000,44132.000000
2016-01-22,0.0525,3.320000,45059.000000
2016-01-26,0.0525,3.280000,45313.000000
2016-01-27,0.0525,3.360000,47033.000000
2016-01-28,0.0525,3.410000,47598.000000
2016-01-29,0.0525,3.600000,47735.000000
2016-02-01,0.0525,3.800000,48914.000000
2016-02-02,0.0525,3.750000,49107.000000
2016-02-03,0.05246,3.720000,49338.000000
2016-02-04,0.05246,4.110000,47363.000000
2016-02-05,0.05246,4.180000,46710.000000
2016-02-10,0.05246,4.210000,47161.000000
2016-02-11,0.05246,3.720000,47236.000000
2016-02-12,0.05246,3.750000,47447.000000
2016-02-15,0.05246,3.790000,47077.000000
2016-02-16,0.05246,4.100000,47026.000000
2016-02-17,0.05246,4.220000,47772.000000
2016-02-18,0.05246,4.090000,47597.000000
2016-02-19,0.05246,4.090000,47209.000000
2016-02-22,0.05246,4.130000,47043.000000
2016-02-23,0.05246,3.890000,46741.000000
2016-02-24,0.05246,3.770000,45628.000000
2016-02-25,0.05246,3.590000,45869.000000
2016-02-26,0.05246,3.490000,48054.000000
2016-02-29,0.05246,3.530000,47710.000000
2016-03-01,0.05246,3.600000,48047.000000
2016-03-02,0.05246,3.750000,46919.000000
2016-03-03,0.05246,4.040000,46195.000000
2016-03-04,0.05246,4.690000,46179.000000
2016-03-07,0.05246,4.950000,47065.000000
2016-03-08,0.05246,4.820000,46884.000000
2016-03-09,0.05246,4.900000,46517.000000
2016-03-10,0.05246,5.370000,46847.000000
2016-03-11,0.05246,5.130000,47248.000000
2016-03-14,0.05246,5.280000,47436.000000
2016-03-15,0.05246,4.750000,48139.000000
2016-03-16,0.05246,5.000000,48150.000000
2016-03-17,0.05246,5.490000,48284.000000
2016-03-18,0.05246,5.850000,46867.000000
2016-03-21,0.05246,5.850000,47146.000000
2016-03-22,0.05246,6.220000,45873.000000
2016-03-23,0.05246,5.830000,45120.000000
2016-03-24,0.05246,5.980000,45047.000000
2016-03-28,0.05246,6.190000,44915.000000
2016-03-29,0.05246,6.080000,46393.000000
2016-03-30,0.05246,6.740000,45361.000000
2016-03-31,0.05246,6.540000,45223.000000
2016-04-01,0.05246,7.040000,44443.000000
2016-04-04,0.05246,6.440000,46108.000000
2016-04-05,0.05246,6.520000,45631.000000
2016-04-06,0.05246,6.270000,45263.000000
2016-04-07,0.05246,6.140000,44747.000000
2016-04-08,0.05246,6.810000,44872.000000
2016-04-11,0.05246,7.240000,45016.000000
2016-04-12,0.05246,7.730000,45261.000000
2016-04-13,0.05246,8.330000,43911.000000
2016-04-14,0.05246,7.470000,43200.000000
2016-04-15,0.05246,7.850000,43470.000000
2016-04-18,0.05246,7.400000,44015.000000
2016-04-19,0.05246,8.090000,43764.000000
2016-04-20,0.05246,8.140000,43654.000000
2016-04-22,0.05246,7.760000,43350.000000
2016-04-25,0.05246,7.250000,42141.000000
2016-04-26,0.05246,7.670000,42419.000000
2016-04-27,0.05246,8.090000,41773.000000
2016-04-28,0.05246,7.760000,40695.000000
2016-04-29,0.05246,7.810000,40612.000000
2016-05-02,0.05246,7.590000,39950.000000
2016-05-03,0.05246,7.100000,39514.000000
2016-05-04,0.05246,7.350000,38944.000000
2016-05-05,0.05246,7.010000,39500.000000
2016-05-06,0.05246,7.350000,38569.000000
2016-05-09,0.05246,6.900000,37937.000000
2016-05-10,0.05246,7.180000,38057.000000
2016-05-11,0.05246,7.330000,37645.000000
2016-05-12,0.05246,7.050000,37717.000000
2016-05-13,0.05246,6.600000,38031.000000
2016-05-16,0.05246,6.160000,37497.000000
2016-05-17,0.05246,6.000000,38376.000000
2016-05-18,0.05246,5.910000,38630.000000
2016-05-19,0.05246,5.670000,40406.000000
2016-05-20,0.05246,5.810000,40570.000000
2016-05-23,0.05246,5.880000,38596.000000
2016-05-24,0.05246,5.690000,39589.000000
2016-05-25,0.05246,5.830000,40822.000000
2016-05-27,0.05246,5.690000,40592.000000
2016-05-30,0.05246,5.600000,40377.000000
2016-05-31,0.05246,5.570000,39318.000000
2016-06-01,0.05246,5.640000,39808.000000
2016-06-02,0.05246,5.750000,40093.000000
2016-06-03,0.05246,6.110000,40948.000000
2016-06-06,0.05246,6.350000,41631.000000
2016-06-07,0.05246,6.310000,41478.000000
2016-06-08,0.05246,6.500000,41543.000000
2016-06-09,0.05246,6.180000,43235.000000
2016-06-10,0.05246,5.860000,42521.000000
2016-06-13,0.05246,5.770000,42085.000000
2016-06-14,0.05246,5.650000,41888.000000
2016-06-15,0.05246,5.860000,41593.000000
2016-06-16,0.05246,5.970000,42794.000000
2016-06-17,0.05246,5.870000,44122.000000
2016-06-20,0.05246,5.850000,44893.000000
2016-06-21,0.05246,5.770000,47193.000000
2016-06-22,0.05246,5.800000,49085.000000
2016-06-23,0.05246,6.250000,49246.000000
2016-06-24,0.05246,5.860000,49102.000000
2016-06-27,0.05246,5.730000,48665.000000
2016-06-28,0.05246,5.750000,49571.000000
2016-06-29,0.05246,5.800000,49639.000000
2016-06-30,0.05246,5.890000,48867.000000
2016-07-01,0.05246,6.190000,47130.000000
2016-07-04,0.05246,6.300000,47763.000000
2016-07-05,0.05246,6.000000,50914.000000
2016-07-06,0.05246,6.140000,50815.000000
2016-07-07,0.05246,6.010000,51172.000000
2016-07-08,0.05246,6.160000,51010.000000
2016-07-11,0.05246,6.270000,49690.000000
2016-07-12,0.05246,6.640000,49657.000000
2016-07-13,0.05246,6.940000,50838.000000
2016-07-14,0.05246,6.790000,51155.000000
2016-07-15,0.05246,6.940000,51249.000000
2016-07-18,0.05246,7.130000,50055.000000
2016-07-19,0.05246,7.030000,50562.000000
2016-07-20,0.05246,6.830000,48780.000000
2016-07-21,0.05246,6.920000,49054.000000
2016-07-22,0.05246,7.290000,48096.000000
2016-07-25,0.05246,7.330000,48513.000000
2016-07-26,0.05246,7.600000,50293.000000
2016-07-27,0.05246,7.920000,50165.000000
2016-07-28,0.05246,7.820000,52002.000000
2016-07-29,0.05246,7.750000,53150.000000
2016-08-01,0.05246,7.910000,52411.000000
2016-08-02,0.05246,7.580000,53228.000000
2016-08-03,0.05246,7.850000,52894.000000
2016-08-04,0.05246,8.250000,53710.000000
2016-08-05,0.05246,8.570000,53631.000000
2016-08-08,0.05246,8.150000,52908.000000
2016-08-09,0.05246,8.340000,51862.000000
2016-08-10,0.05246,8.600000,53083.000000
2016-08-11,0.05246,9.050000,54478.000000
2016-08-12,0.05246,9.060000,54312.000000
2016-08-15,0.05246,9.710000,53911.000000
2016-08-16,0.05246,9.590000,53562.000000
2016-08-17,0.05246,9.920000,52260.000000
2016-08-18,0.05246,10.340000,52553.000000
2016-08-19,0.05246,10.280000,51671.000000
2016-08-22,0.05246,9.670000,51718.000000
2016-08-23,0.05246,9.720000,50990.000000
2016-08-24,0.05246,9.110000,53071.000000
2016-08-25,0.05246,9.130000,52764.000000
2016-08-26,0.05246,9.200000,53241.000000
2016-08-29,0.05246,9.300000,51804.000000
2016-08-30,0.05246,9.200000,51803.000000
2016-08-31,0.05246,9.080000,50839.000000
2016-09-01,0.05246,8.950000,50562.000000
2016-09-02,0.05246,9.470000,50133.000000
2016-09-05,0.05246,9.640000,49723.000000
2016-09-06,0.05246,9.610000,49330.000000
2016-09-08,0.05246,9.770000,49345.000000
2016-09-09,0.05246,9.270000,49483.000000
2016-09-12,0.05246,9.480000,49051.000000
2016-09-13,0.05246,8.650000,48964.000000
2016-09-14,0.05246,8.740000,48472.000000
2016-09-15,0.05246,8.710000,49013.000000
2016-09-16,0.05246,8.390000,49887.000000
2016-09-19,0.05246,8.420000,50619.000000
2016-09-20,0.05246,8.300000,50432.000000
2016-09-21,0.05246,8.770000,50488.000000
2016-09-22,0.05246,8.700000,51629.000000
2016-09-23,0.05246,8.690000,51118.000000
2016-09-26,0.05246,8.680000,49422.000000
2016-09-27,0.05246,8.630000,49661.000000
2016-09-28,0.05246,9.040000,48648.000000
2016-09-29,0.05246,9.020000,48915.000000
2016-09-30,0.05246,8.860000,49412.000000
2016-10-03,0.05246,9.000000,49534.000000
2016-10-04,0.05246,8.850000,50329.000000
2016-10-05,0.05246,9.080000,50838.000000
2016-10-06,0.05246,9.310000,50156.000000
2016-10-07,0.05246,9.670000,51560.000000
2016-10-10,0.05246,9.750000,50105.000000
2016-10-11,0.05246,9.500000,49246.000000
2016-10-13,0.05246,9.360000,50007.000000
2016-10-14,0.05246,9.440000,51002.000000
2016-10-17,0.05246,9.540000,51527.000000
2016-10-18,0.05246,10.020000,52233.000000
2016-10-19,0.05246,10.150000,52569.000000
2016-10-20,0.05246,10.230000,51842.000000
2016-10-21,0.05246,10.640000,51902.000000
2016-10-24,0.05246,10.590000,52015.000000
2016-10-25,0.05246,10.540000,53141.000000
2016-10-26,0.05246,10.610000,53960.000000
2016-10-27,0.05246,10.700000,54256.000000
2016-10-28,0.05246,10.970000,54598.000000
2016-10-31,0.05246,11.020000,55481.000000
2016-11-01,0.05246,10.560000,55578.000000
2016-11-03,0.05159,10.160000,56484.000000
2016-11-04,0.05159,10.400000,56698.000000
2016-11-07,0.05159,11.110000,56578.000000
2016-11-08,0.05159,11.320000,56641.000000
2016-11-09,0.05159,12.040000,57002.000000
2016-11-10,0.05159,12.500000,56873.000000
2016-11-11,0.05159,12.090000,56783.000000
2016-11-14,0.05159,13.350000,56853.000000
2016-11-16,0.05159,12.600000,56667.000000
2016-11-17,0.05159,12.810000,57308.000000
2016-11-18,0.05159,13.300000,56756.000000
2016-11-21,0.05159,13.540000,56162.000000
2016-11-22,0.05159,14.090000,57077.000000
2016-11-23,0.05159,14.370000,57594.000000
2016-11-24,0.05159,14.000000,57661.000000
2016-11-25,0.05159,14.200000,57635.000000
2016-11-28,0.05159,14.620000,57689.000000
2016-11-29,0.05159,13.860000,56920.000000
2016-11-30,0.05159,13.550000,58300.000000
2016-12-01,0.05159,12.950000,58298.000000
2016-12-02,0.05159,12.900000,59146.000000
2016-12-05,0.05159,13.050000,58855.000000
2016-12-06,0.05159,13.100000,59324.000000
2016-12-07,0.05159,13.720000,59166.000000
2016-12-08,0.05159,13.580000,59099.000000
2016-12-09,0.05159,12.870000,57781.000000
2016-12-12,0.05159,12.120000,58020.000000
2016-12-13,0.05159,11.690000,57718.000000
2016-12-14,0.05072,10.900000,57722.000000
2016-12-15,0.05072,11.450000,57716.000000
2016-12-16,0.05072,10.920000,58610.000000
2016-12-19,0.05072,10.540000,58575.000000
2016-12-20,0.05072,10.620000,57901.000000
2016-12-21,0.05072,10.780000,58236.000000
2016-12-22,0.05072,10.320000,59616.000000
2016-12-23,0.05072,10.300000,59566.000000
2016-12-26,0.05072,10.620000,60129.000000
2016-12-27,0.05072,10.980000,60232.000000
2016-12-28,0.05072,10.770000,58000.000000
2016-12-29,0.05072,10.800000,58586.000000
2017-01-02,0.05072,10.840000,56821.000000
2017-01-03,0.05072,11.150000,57059.000000
2017-01-04,0.05072,11.020000,57909.000000
2017-01-05,0.05072,11.800000,57080.000000
2017-01-06,0.05072,11.730000,57350.000000
2017-01-09,0.05072,11.740000,57736.000000
2017-01-10,0.05072,11.980000,58394.000000
2017-01-11,0.05072,12.600000,58994.000000
2017-01-12,0.05072,12.800000,58697.000000
2017-01-13,0.05072,13.060000,58054.000000
2017-01-16,0.05072,13.200000,58382.000000
2017-01-17,0.05072,12.990000,59356.000000
2017-01-18,0.05072,12.610000,58351.000000
2017-01-19,0.05072,12.100000,58367.000000
2017-01-20,0.05072,12.220000,59461.000000
2017-01-23,0.05072,12.690000,59339.000000
2017-01-24,0.05072,12.560000,60254.000000
2017-01-26,0.05072,12.490000,60644.000000
2017-01-27,0.04809,12.570000,61109.000000
2017-01-30,0.04809,12.040000,61668.000000
2017-01-31,0.04809,12.200000,61022.000000
2017-02-01,0.04809,12.420000,61119.000000
2017-02-02,0.04809,12.730000,61767.000000
2017-02-03,0.04809,12.700000,62696.000000
2017-02-06,0.04809,12.400000,63782.000000
2017-02-07,0.04809,12.330000,63506.000000
2017-02-08,0.04809,12.230000,63838.000000
2017-02-09,0.04809,12.500000,64108.000000
2017-02-10,0.04809,12.890000,64060.000000
2017-02-13,0.04809,13.300000,63866.000000
2017-02-14,0.04809,13.140000,63826.000000
2017-02-15,0.04809,13.360000,64250.000000
2017-02-16,0.04809,13.460000,64308.000000
2017-02-17,0.04809,13.320000,64925.000000
2017-02-20,0.04809,13.450000,63326.000000
2017-02-21,0.04809,13.670000,61750.000000
2017-02-22,0.04809,13.110000,61598.000000
2017-02-23,0.04809,12.810000,64052.000000
2017-02-24,0.04809,12.950000,64158.000000
2017-03-01,0.04809,13.300000,63258.000000
2017-03-02,0.04809,13.070000,61201.000000
2017-03-03,0.04809,13.350000,59184.000000
2017-03-06,0.04809,13.110000,59657.000000
2017-03-07,0.04809,13.020000,60759.000000
2017-03-08,0.04809,12.140000,59770.000000
2017-03-09,0.04809,11.950000,59962.000000
2017-03-10,0.04809,11.910000,61070.000000
2017-03-13,0.04809,12.370000,61954.000000
2017-03-14,0.04544,12.420000,61986.000000
2017-03-15,0.04544,13.070000,61396.000000
2017-03-16,0.04544,12.820000,61559.000000
2017-03-17,0.04544,12.340000,62855.000000
2017-03-20,0.04544,12.640000,60987.000000
2017-03-21,0.04544,11.740000,61906.000000
2017-03-22,0.04544,11.740000,59507.000000
2017-03-23,0.04544,11.450000,60316.000000
2017-03-24,0.04544,11.150000,59832.000000
2017-03-27,0.04544,11.010000,61088.000000
2017-03-28,0.04544,11.000000,61414.000000
2017-03-29,0.04544,11.060000,60677.000000
2017-03-30,0.04544,10.700000,60501.000000
2017-03-31,0.04544,10.890000,59179.000000
2017-04-03,0.04544,10.740000,59281.000000
2017-04-04,0.04544,10.900000,58212.000000
2017-04-05,0.04544,10.650000,58396.000000
2017-04-06,0.04544,10.470000,58389.000000
2017-04-07,0.04544,10.550000,57111.000000
2017-04-10,0.04544,10.350000,57583.000000
2017-04-11,0.04544,10.030000,57647.000000
2017-04-12,0.04544,9.520000,57255.000000
2017-04-13,0.04544,9.450000,57937.000000
2017-04-17,0.04544,9.620000,58620.000000
2017-04-18,0.04544,9.370000,58697.000000
2017-04-19,0.04544,9.300000,59782.000000
2017-04-20,0.04544,9.550000,60227.000000
2017-04-24,0.04544,9.660000,59589.000000
2017-04-25,0.04544,9.840000,61814.000000
2017-04-26,0.04544,9.810000,61589.000000
2017-04-27,0.04544,9.680000,62071.000000
2017-04-28,0.04544,9.800000,61665.000000
2017-05-02,0.04544,10.050000,61700.000000
2017-05-03,0.04189,9.560000,62132.000000
2017-05-04,0.04189,9.350000,62446.000000
2017-05-05,0.04189,9.320000,63954.000000
2017-05-08,0.04189,9.190000,63652.000000
2017-05-09,0.04189,9.570000,63831.000000
2017-05-10,0.04189,9.810000,64354.000000
2017-05-11,0.04189,9.970000,64150.000000
2017-05-12,0.04189,9.620000,63951.000000
2017-05-15,0.04189,9.980000,64521.000000
2017-05-16,0.04189,10.350000,65749.000000
2017-05-17,0.04189,10.230000,65840.000000
2017-05-18,0.04189,9.000000,66191.000000
2017-05-19,0.04189,9.560000,66034.000000
2017-05-22,0.04189,9.400000,64302.000000
2017-05-23,0.04189,9.840000,64671.000000
2017-05-24,0.04189,9.660000,64836.000000
2017-05-25,0.04189,9.540000,64578.000000
2017-05-26,0.04189,9.550000,64954.000000
2017-05-29,0.04189,9.550000,63993.000000
2017-05-30,0.04189,9.940000,64199.000000
2017-05-31,0.04189,9.540000,64835.000000
2017-06-01,0.04189,9.520000,64965.000000
2017-06-02,0.04189,9.560000,66125.000000
2017-06-05,0.04189,9.440000,66968.000000
2017-06-06,0.04189,9.470000,66713.000000
2017-06-07,0.04189,9.340000,67976.000000
2017-06-08,0.04189,9.570000,67814.000000
2017-06-09,0.04189,9.670000,67748.000000
2017-06-12,0.04189,9.520000,68533.000000
2017-06-13,0.04189,9.480000,69052.000000
2017-06-14,0.04189,9.230000,68590.000000
2017-06-15,0.04189,9.230000,67461.000000
2017-06-16,0.03833,9.020000,66662.000000
2017-06-19,0.03833,9.210000,66989.000000
2017-06-20,0.03833,9.030000,65855.000000
2017-06-21,0.03833,9.190000,66786.000000
2017-06-22,0.03833,9.360000,66341.000000
2017-06-23,0.03833,9.700000,65742.000000
2017-06-26,0.03833,10.030000,64718.000000
2017-06-27,0.03833,9.970000,64585.000000
2017-06-28,0.03833,10.270000,64675.000000
2017-06-29,0.03833,10.160000,65534.000000
2017-06-30,0.03833,10.280000,64699.000000
2017-07-03,0.03833,10.400000,66235.000000
2017-07-04,0.03833,10.360000,65783.000000
2017-07-05,0.03833,10.590000,64210.000000
2017-07-06,0.03833,10.730000,64884.000000
2017-07-07,0.03833,10.760000,62980.000000
2017-07-10,0.03833,11.020000,63521.000000
2017-07-11,0.03833,10.950000,63531.000000
2017-07-12,0.03833,11.020000,63854.000000
2017-07-13,0.03833,10.920000,64308.000000
2017-07-14,0.03833,10.940000,64640.000000
2017-07-17,0.03833,11.020000,65528.000000
2017-07-18,0.03833,10.830000,65266.000000
2017-07-19,0.03833,11.060000,64984.000000
2017-07-20,0.03833,10.870000,65211.000000
2017-07-21,0.03833,10.690000,65769.000000
2017-07-24,0.03833,10.960000,64775.000000
2017-07-25,0.03833,11.140000,64223.000000
2017-07-26,0.03833,10.550000,64593.000000
2017-07-27,0.03833,10.570000,64650.000000
2017-07-28,0.03833,10.590000,64360.000000
2017-07-31,0.03833,10.660000,63892.000000
2017-08-01,0.03833,10.560000,62826.000000
2017-08-02,0.03833,10.870000,64335.000000
2017-08-03,0.03833,10.910000,64159.000000
2017-08-04,0.03833,11.180000,63407.000000
2017-08-07,0.03833,11.590000,63761.000000
2017-08-08,0.03833,11.470000,64389.000000
2017-08-09,0.03833,11.370000,65148.000000
2017-08-10,0.03471,11.460000,64862.000000
2017-08-11,0.03471,11.290000,64677.000000
2017-08-14,0.03471,11.200000,65403.000000
2017-08-15,0.03471,10.970000,66722.000000
2017-08-16,0.03471,11.280000,66094.000000
2017-08-17,0.03471,11.240000,64863.000000
2017-08-18,0.03471,11.180000,65710.000000
2017-08-21,0.03471,11.050000,65526.000000
2017-08-22,0.03471,11.360000,66278.000000
2017-08-23,0.03471,11.640000,67350.000000
2017-08-24,0.03471,11.570000,67538.000000
2017-08-25,0.03471,11.470000,68222.000000
2017-08-28,0.03471,11.520000,68474.000000
2017-08-29,0.03471,11.450000,68684.000000
2017-08-30,0.03471,11.820000,67540.000000
2017-08-31,0.03471,11.850000,61597.000000
2017-09-01,0.03471,12.590000,62639.000000
2017-09-04,0.03471,12.910000,61673.000000
2017-09-05,0.03471,12.620000,62662.000000
2017-09-06,0.03471,12.910000,63257.000000
2017-09-07,0.03471,12.910000,63227.000000
2017-09-08,0.03471,12.220000,64085.000000
2017-09-11,0.03471,12.360000,63761.000000
2017-09-12,0.03471,12.200000,63962.000000
2017-09-13,0.03471,12.030000,62711.000000
2017-09-14,0.03471,11.940000,62289.000000
2017-09-15,0.03471,12.160000,62511.000000
2017-09-18,0.03471,12.260000,62450.000000
2017-09-19,0.03471,11.900000,62955.000000
2017-09-20,0.03471,11.830000,63171.000000
2017-09-21,0.03106,11.550000,62756.000000
2017-09-22,0.03106,11.310000,62211.000000
2017-09-25,0.03106,10.970000,61700.000000
2017-09-26,0.03106,11.110000,61829.000000
2017-09-27,0.03106,11.160000,61923.000000
2017-09-28,0.03106,11.040000,61626.000000
2017-09-29,0.03106,11.000000,62014.000000
2017-10-02,0.03106,11.400000,60766.000000
2017-10-03,0.03106,11.370000,60762.000000
2017-10-04,0.03106,11.080000,61272.000000
2017-10-05,0.03106,10.760000,61087.000000
2017-10-06,0.03106,10.700000,62188.000000
2017-10-09,0.03106,11.150000,61675.000000
2017-10-10,0.03106,11.020000,62018.000000
2017-10-11,0.03106,11.020000,62239.000000
2017-10-12,0.03106,11.440000,62900.000000
2017-10-13,0.03106,11.420000,63280.000000
2017-10-16,0.03106,11.320000,63232.000000
2017-10-17,0.03106,11.660000,63154.000000
2017-10-18,0.03106,11.720000,62470.000000
2017-10-19,0.03106,11.680000,62322.000000
2017-10-20,0.03106,11.630000,63025.000000
2017-10-23,0.03106,12.020000,63832.000000
2017-10-24,0.03106,12.050000,64836.000000
2017-10-25,0.03106,11.740000,65178.000000
2017-10-26,0.03106,11.580000,65436.000000
2017-10-27,0.03106,11.250000,65212.000000
2017-10-30,0.03106,10.950000,65338.000000
2017-10-31,0.03106,10.670000,65180.000000
2017-11-01,0.03106,10.670000,64938.000000
2017-11-02,0.03106,10.780000,64684.000000
2017-11-03,0.0283,10.960000,65100.000000
2017-11-06,0.0283,10.570000,65668.000000
2017-11-07,0.0283,10.700000,65011.000000
2017-11-08,0.0283,10.470000,65277.000000
2017-11-09,0.0283,10.280000,65497.000000
2017-11-10,0.0283,10.440000,65920.000000
2017-11-13,0.0283,9.950000,66516.000000
2017-11-14,0.0283,9.950000,67136.000000
2017-11-15,0.0283,10.250000,66777.000000
2017-11-16,0.0283,10.540000,66898.000000
2017-11-17,0.0283,10.540000,67940.000000
2017-11-20,0.0283,10.530000,67899.000000
2017-11-21,0.0283,10.690000,67671.000000
2017-11-22,0.0283,10.850000,66992.000000
2017-11-23,0.0283,10.770000,67359.000000
2017-11-24,0.0283,11.060000,68285.000000
2017-11-27,0.0283,10.980000,68355.000000
2017-11-28,0.0283,11.100000,68594.000000
2017-11-29,0.0283,11.080000,67977.000000
2017-11-30,0.0283,11.050000,68715.000000
2017-12-01,0.0283,11.290000,68635.000000
2017-12-04,0.0283,11.130000,70011.000000
2017-12-05,0.0283,11.130000,70478.000000
2017-12-06,0.0283,11.270000,71133.000000
2017-12-07,0.0283,11.700000,71074.000000
2017-12-08,0.0283,11.840000,71017.000000
2017-12-11,0.0283,12.000000,71330.000000
2017-12-12,0.0283,11.750000,70886.000000
2017-12-13,0.02644,11.840000,70835.000000
2017-12-14,0.02644,12.060000,71923.000000
2017-12-15,0.02644,11.980000,72129.000000
2017-12-18,0.02644,12.110000,72151.000000
2017-12-19,0.02644,12.270000,73412.000000
2017-12-20,0.02644,12.440000,73079.000000
2017-12-21,0.02644,12.440000,74319.000000
2017-12-22,0.02644,12.370000,74539.000000
2017-12-25,0.02644,12.350000,74788.000000
2017-12-26,0.02644,12.380000,74657.000000
2017-12-27,0.02644,12.380000,75757.000000
2017-12-28,0.02644,12.970000,75990.000000
2017-12-29,0.02644,12.950000,75974.000000
2018-01-02,0.02644,13.650000,76004.000000
2018-01-03,0.02644,13.480000,75604.000000
2018-01-04,0.02644,13.950000,75390.000000
2018-01-05,0.02644,14.030000,74443.000000
2018-01-08,0.02644,13.840000,74319.000000
2018-01-09,0.02644,14.970000,73797.000000
2018-01-10,0.02644,14.970000,73567.000000
2018-01-11,0.02644,14.820000,74294.000000
2018-01-12,0.02644,14.460000,74360.000000
2018-01-15,0.02644,15.000000,76763.000000
2018-01-16,0.02644,14.540000,76591.000000
2018-01-17,0.02644,14.160000,76618.000000
2018-01-18,0.02644,13.980000,76055.000000
2018-01-19,0.02644,13.710000,75727.000000
2018-01-22,0.02644,14.140000,76897.000000
2018-01-23,0.02644,14.140000,76660.000000
2018-01-24,0.02644,14.620000,76990.000000
2018-01-25,0.02644,14.720000,76892.000000
2018-01-26,0.02644,14.400000,76201.000000
2018-01-29,0.02644,14.620000,76591.000000
2018-01-30,0.02644,14.570000,76283.000000
2018-01-31,0.02644,13.740000,76391.000000
2018-02-01,0.02644,14.570000,75413.000000
2018-02-02,0.02644,14.060000,76350.000000
2018-02-05,0.02644,13.760000,76671.000000
2018-02-06,0.02644,14.030000,75896.000000
2018-02-07,0.02552,14.960000,75976.000000
2018-02-08,0.02552,15.000000,74800.000000
2018-02-09,0.02552,15.930000,74308.000000
2018-02-14,0.02552,16.730000,73824.000000
2018-02-15,0.02552,16.299999,73915.000000
2018-02-16,0.02552,16.110001,74311.000000
2018-02-19,0.02552,16.620001,72415.000000
2018-02-20,0.02552,17.030001,74363.000000
2018-02-21,0.02552,16.650000,72931.000000
2018-02-22,0.02552,16.620001,72166.000000
2018-02-23,0.02552,17.150000,72475.000000
2018-02-26,0.02552,16.900000,70827.000000
2018-02-27,0.02552,17.070000,70827.000000
2018-02-28,0.02552,16.320000,72512.000000
2018-03-01,0.02552,16.730000,73437.000000
2018-03-02,0.02552,16.129999,74595.000000
2018-03-05,0.02552,16.400000,74519.000000
2018-03-06,0.02552,16.290001,74487.000000
2018-03-07,0.02552,16.049999,74157.000000
2018-03-08,0.02552,15.540000,74059.000000
2018-03-09,0.02552,15.450000,74140.000000
2018-03-12,0.02552,15.030000,72700.000000
2018-03-13,0.02552,15.740000,71971.000000
2018-03-14,0.02552,15.980000,72264.000000
2018-03-15,0.02458,15.360000,73090.000000
2018-03-16,0.02458,15.090000,72546.000000
2018-03-19,0.02458,15.310000,73268.000000
2018-03-20,0.02458,15.110000,72487.000000
2018-03-21,0.02458,14.950000,72732.000000
2018-03-22,0.02458,15.500000,72800.000000
2018-03-23,0.02458,15.640000,73814.000000
2018-03-26,0.02458,15.730000,72914.000000
2018-03-27,0.02458,15.350000,72429.000000
2018-03-28,0.02458,16.379999,72608.000000
2018-03-29,0.02458,16.129999,73115.000000
2018-04-02,0.02458,15.810000,72680.000000
2018-04-03,0.02458,16.139999,73367.000000
2018-04-04,0.02458,16.020000,75133.000000
2018-04-05,0.02458,16.450001,75187.000000
2018-04-06,0.02458,16.360001,75688.000000
2018-04-09,0.02458,16.799999,76073.000000
2018-04-10,0.02458,17.340000,76402.000000
2018-04-11,0.02458,17.170000,76402.000000
2018-04-12,0.02458,16.950001,77891.000000
2018-04-13,0.02458,16.730000,77995.000000
2018-04-16,0.02458,16.760000,78647.000000
2018-04-17,0.02458,16.770000,79071.000000
2018-04-18,0.02458,17.020000,79379.000000
2018-04-19,0.02458,16.680000,78864.000000
2018-04-20,0.02458,16.650000,78201.000000
2018-04-23,0.02458,16.240000,79365.000000
2018-04-24,0.02458,16.490000,79349.000000
2018-04-25,0.02458,16.840000,79752.000000
2018-04-26,0.02458,16.360001,79832.000000
2018-04-27,0.02458,16.330000,81189.000000
2018-04-30,0.02458,17.360001,80963.000000
2018-05-02,0.02458,17.850000,81220.000000
2018-05-03,0.02458,17.750000,81675.000000
2018-05-04,0.02458,17.709999,80678.000000
2018-05-07,0.02458,17.780001,83680.000000
2018-05-08,0.02458,18.250000,83680.000000
2018-05-09,0.02458,17.959999,85531.000000
2018-05-10,0.02458,17.760000,84698.000000
2018-05-11,0.02458,17.170000,84482.000000
2018-05-14,0.02458,16.900000,84913.000000
2018-05-15,0.02458,16.520000,85495.000000
2018-05-16,0.02458,16.540001,84041.000000
2018-05-17,0.02458,15.850000,81861.000000
2018-05-18,0.02458,14.860000,83894.000000
2018-05-21,0.02458,15.080000,82767.000000
2018-05-22,0.02458,14.800000,81533.000000
2018-05-23,0.02458,15.460000,80899.000000
2018-05-24,0.02458,15.870000,83543.000000
2018-05-25,0.02458,16.150000,84291.000000
2018-05-28,0.02458,15.910000,84525.000000
2018-05-29,0.02458,14.840000,84793.000000
2018-05-30,0.02458,14.320000,85804.000000
2018-06-01,0.02458,14.200000,86052.000000
2018-06-04,0.02458,14.520000,86686.000000
2018-06-05,0.02458,14.470000,87293.000000
2018-06-06,0.02458,14.270000,87653.000000
2018-06-07,0.02458,14.040000,86935.000000
2018-06-08,0.02458,14.100000,85481.000000
2018-06-11,0.02458,14.040000,85378.000000
2018-06-12,0.02458,14.740000,85761.000000
2018-06-13,0.02458,13.990000,86023.000000
2018-06-14,0.02458,14.260000,85653.000000
2018-06-15,0.02458,13.870000,85484.000000
2018-06-18,0.02458,13.460000,84985.000000
2018-06-19,0.02458,13.560000,86371.000000
2018-06-20,0.02458,13.930000,86900.000000
2018-06-21,0.02458,13.910000,86384.000000
2018-06-22,0.02458,13.920000,86051.000000
2018-06-25,0.02458,14.290000,84928.000000
2018-06-26,0.02458,14.580000,84886.000000
2018-06-27,0.02458,15.160000,83913.000000
2018-06-28,0.02458,15.520000,84164.000000
2018-06-29,0.02458,15.250000,84977.000000
2018-07-02,0.02458,14.890000,84768.000000
2018-07-03,0.02458,15.700000,84377.000000
2018-07-04,0.02458,15.510000,85088.000000
2018-07-05,0.02458,15.730000,83808.000000
2018-07-06,0.02458,16.160000,83874.000000
2018-07-10,0.02458,16.270000,85366.000000
2018-07-11,0.02458,15.970000,84666.000000
2018-07-12,0.02458,16.250000,84623.000000
2018-07-13,0.02458,16.299999,84360.000000
2018-07-16,0.02458,16.780001,85210.000000
2018-07-17,0.02458,16.650000,84820.000000
2018-07-18,0.02458,16.260000,83307.000000
2018-07-19,0.02458,16.840000,84510.000000
2018-07-20,0.02458,17.120001,85246.000000
2018-07-23,0.02458,16.680000,85444.000000
2018-07-24,0.02458,16.400000,84334.000000
2018-07-25,0.02458,16.639999,82862.000000
2018-07-26,0.02458,17.090000,84086.000000
2018-07-27,0.02458,16.850000,85776.000000
2018-07-30,0.02458,16.680000,85824.000000
2018-07-31,0.02458,17.200001,85550.000000
2018-08-01,0.02458,16.790001,85602.000000
2018-08-02,0.02458,16.070000,85469.000000
2018-08-03,0.02458,15.910000,85044.000000
2018-08-06,0.02458,16.299999,86383.000000
2018-08-07,0.02458,15.520000,86445.000000
2018-08-08,0.02458,15.520000,86115.000000
2018-08-09,0.02458,15.650000,84547.000000
2018-08-10,0.02458,16.209999,83288.000000
2018-08-13,0.02458,15.950000,83118.000000
2018-08-14,0.02458,16.219999,82714.000000
2018-08-15,0.02458,15.800000,82956.000000
2018-08-16,0.02458,15.890000,84265.000000
2018-08-17,0.02458,16.110001,85861.000000
2018-08-20,0.02458,16.209999,85220.000000
2018-08-21,0.02458,16.299999,85232.000000
2018-08-22,0.02458,15.920000,85130.000000
2018-08-23,0.02458,16.040001,86537.000000
2018-08-24,0.02458,15.850000,83622.000000
2018-08-27,0.02458,15.610000,83082.000000
2018-08-28,0.02458,15.580000,81815.000000
2018-08-29,0.02458,15.860000,82739.000000
2018-08-30,0.02458,15.590000,80867.000000
2018-08-31,0.02458,15.200000,80122.000000
2018-09-03,0.02458,15.290000,78898.000000
2018-09-04,0.02458,15.280000,75356.000000
2018-09-05,0.02458,15.260000,76072.000000
2018-09-06,0.02458,15.630000,76754.000000
2018-09-10,0.02458,16.670000,77240.000000
2018-09-11,0.02458,16.780001,78596.000000
2018-09-12,0.02458,16.799999,76642.000000
2018-09-13,0.02458,17.000000,76117.000000
2018-09-14,0.02458,16.559999,73851.000000
2018-09-17,0.02458,17.459999,72942.000000
2018-09-18,0.02458,17.110001,72308.000000
2018-09-19,0.02458,17.170000,72754.000000
2018-09-20,0.02458,17.190001,72122.000000
2018-09-21,0.02462,16.680000,71421.000000
2018-09-24,0.02462,16.809999,70758.000000
2018-09-25,0.02462,16.490000,69815.000000
2018-09-26,0.02462,16.209999,71394.000000
2018-09-27,0.02462,15.800000,72123.000000
2018-09-28,0.02462,15.610000,70075.000000
2018-10-01,0.02462,16.030001,70641.000000
2018-10-02,0.02462,15.550000,70953.000000
2018-10-03,0.02462,15.740000,71405.000000
2018-10-04,0.02462,15.530000,70609.000000
2018-10-05,0.02462,16.200001,71767.000000
2018-10-08,0.02462,16.100000,72763.000000
2018-10-09,0.02462,15.490000,72840.000000
2018-10-10,0.02462,15.110000,73668.000000
2018-10-11,0.02462,15.790000,74743.000000
2018-10-15,0.02462,15.680000,74553.000000
2018-10-16,0.02462,14.970000,75010.000000
2018-10-17,0.02462,15.370000,74862.000000
2018-10-18,0.02462,15.790000,74399.000000
2018-10-19,0.02462,15.640000,75856.000000
2018-10-22,0.02462,15.800000,76594.000000
2018-10-23,0.02462,16.260000,76653.000000
2018-10-24,0.02462,16.420000,78130.000000
2018-10-25,0.02462,16.940001,77363.000000
2018-10-26,0.02462,16.990000,77487.000000
2018-10-29,0.02462,16.500000,78571.000000
2018-10-30,0.02462,16.080000,77996.000000
2018-10-31,0.02462,16.120001,79155.000000
2018-11-01,0.02462,15.440000,80218.000000
2018-11-05,0.02462,15.290000,79405.000000
2018-11-06,0.02462,15.150000,79866.000000
2018-11-07,0.02462,16.230000,80276.000000
2018-11-08,0.02462,16.150000,79220.000000
2018-11-09,0.02462,15.350000,79302.000000
2018-11-12,0.02462,15.380000,79637.000000
2018-11-13,0.02462,14.920000,81435.000000
2018-11-14,0.02462,14.800000,81051.000000
2018-11-16,0.02462,14.700000,80347.000000
2018-11-19,0.02462,15.070000,79152.000000
2018-11-21,0.02462,15.100000,78768.000000
2018-11-22,0.02462,15.480000,76514.000000
2018-11-23,0.02462,16.150000,77496.000000
2018-11-26,0.02462,15.810000,78602.000000
2018-11-27,0.02462,16.000000,77078.000000
2018-11-28,0.02462,15.820000,76819.000000
2018-11-29,0.02462,15.670000,76029.000000
2018-11-30,0.02462,15.330000,76328.000000
2018-12-03,0.02462,15.480000,75180.000000
2018-12-04,0.02462,15.400000,76902.000000
2018-12-05,0.02462,15.340000,75634.000000
2018-12-06,0.02462,15.130000,76262.000000
2018-12-07,0.02462,15.100000,77930.000000
2018-12-10,0.02462,15.220000,77473.000000
2018-12-11,0.02462,15.150000,78389.000000
2018-12-12,0.02462,14.550000,76404.000000
2018-12-13,0.02462,14.710000,76678.000000
2018-12-14,0.02462,14.790000,76193.000000
2018-12-17,0.02462,14.420000,74712.000000
2018-12-18,0.02462,14.820000,75092.000000
2018-12-19,0.02462,15.200000,76416.000000
2018-12-20,0.02462,15.100000,76436.000000
2018-12-21,0.02462,15.500000,74657.000000
2018-12-26,0.02462,15.540000,75125.000000
2018-12-27,0.02462,15.560000,74687.000000
2018-12-28,0.02462,16.000000,75429.000000
2019-01-02,0.02462,15.590000,76789.000000
2019-01-03,0.02462,15.220000,78314.000000
2019-01-04,0.02462,15.200000,78169.000000
2019-01-07,0.02462,14.900000,78116.000000
2019-01-08,0.02462,14.930000,79444.000000
2019-01-09,0.02462,15.050000,77984.000000
2019-01-10,0.02462,15.490000,78630.000000
2019-01-11,0.02462,15.500000,78656.000000
2019-01-14,0.02462,15.470000,80000.000000
2019-01-15,0.02462,15.650000,79342.000000
2019-01-16,0.02462,15.990000,78624.000000
2019-01-17,0.02462,15.640000,81612.000000
2019-01-18,0.02462,15.640000,83273.000000
2019-01-21,0.02462,16.150000,82953.000000
2019-01-22,0.02462,15.650000,82322.000000
2019-01-23,0.02462,15.800000,86084.000000
2019-01-24,0.02462,15.990000,86088.000000
2019-01-28,0.02462,15.920000,83679.000000
2019-01-29,0.02462,15.330000,82921.000000
2019-01-30,0.02462,15.230000,83360.000000
2019-01-31,0.02462,15.350000,85718.000000
2019-02-01,0.02462,15.450000,85764.000000
2019-02-04,0.02462,15.500000,83847.000000
2019-02-05,0.02462,15.630000,84220.000000
2019-02-06,0.02462,15.730000,85597.000000
2019-02-07,0.02462,15.480000,85300.000000
2019-02-08,0.02462,15.550000,83064.000000
2019-02-11,0.02462,15.540000,84084.000000
2019-02-12,0.02462,15.800000,85720.000000
2019-02-13,0.02462,15.100000,83797.000000
2019-02-14,0.02462,15.180000,86886.000000
2019-02-15,0.02462,15.270000,87424.000000
2019-02-18,0.02462,15.480000,88419.000000
2019-02-19,0.02462,15.430000,89598.000000
2019-02-20,0.02462,15.140000,88669.000000
2019-02-21,0.02462,15.030000,87714.000000
2019-02-22,0.02462,15.030000,85620.000000
2019-02-25,0.02462,14.730000,85641.000000
2019-02-26,0.02462,14.710000,85525.000000
2019-02-27,0.02462,14.900000,84914.000000
2019-02-28,0.02462,14.670000,85973.000000
2019-03-01,0.02462,14.980000,88515.000000
2019-03-06,0.02462,14.760000,87901.000000
2019-03-07,0.02462,15.110000,87269.000000
2019-03-08,0.02462,15.520000,87477.000000
2019-03-11,0.02462,15.850000,86230.000000
2019-03-12,0.02462,15.620000,85547.000000
2019-03-13,0.02462,15.660000,87891.000000
2019-03-14,0.02462,14.940000,89251.000000
2019-03-15,0.02462,14.870000,89710.000000
2019-03-18,0.02462,15.240000,89504.000000
2019-03-19,0.02462,14.650000,89820.000000
2019-03-20,0.02462,14.880000,88624.000000
2019-03-21,0.02462,15.140000,89040.000000
2019-03-22,0.02462,16.080000,88846.000000
2019-03-25,0.02462,16.080000,88115.000000
2019-03-26,0.02462,16.000000,85915.000000
2019-03-27,0.02462,16.200001,86420.000000
2019-03-28,0.02462,15.770000,86977.000000
2019-03-29,0.02462,15.850000,87838.000000
2019-04-01,0.02462,15.600000,87450.000000
2019-04-02,0.02462,15.530000,86400.000000
2019-04-03,0.02462,15.190000,86610.000000
2019-04-04,0.02462,15.010000,85674.000000
2019-04-05,0.02462,14.780000,85269.000000
2019-04-08,0.02462,15.080000,85697.000000
2019-04-09,0.02462,14.980000,85136.000000
2019-04-10,0.02462,14.930000,85460.000000
2019-04-11,0.02462,14.950000,87887.000000
2019-04-12,0.02462,14.730000,91012.000000
2019-04-15,0.02462,14.600000,91564.000000
2019-04-16,0.02462,14.580000,91841.000000
2019-04-17,0.02462,14.370000,91699.000000
2019-04-18,0.02462,14.390000,92032.000000
2019-04-22,0.02462,14.150000,93613.000000
2019-04-23,0.02462,14.000000,93806.000000
2019-04-24,0.02462,14.230000,93658.000000
2019-04-25,0.02462,14.080000,94474.000000
2019-04-26,0.02462,14.220000,94056.000000
2019-04-29,0.02462,14.500000,94393.000000
2019-04-30,0.02462,14.240000,95351.000000
2019-05-02,0.02462,14.150000,96097.000000
2019-05-03,0.02462,13.810000,96010.000000
2019-05-06,0.02462,13.950000,95103.000000
2019-05-07,0.02462,13.920000,96558.000000
2019-05-08,0.02462,13.740000,97677.000000
2019-05-09,0.02462,13.740000,95444.000000
2019-05-10,0.02462,13.780000,95639.000000
2019-05-13,0.02462,14.290000,96996.000000
2019-05-14,0.02462,14.290000,97394.000000
